state_inspected_id,program_state,program_name,facility_name,operator_name,street_address,city,state,postcode,county,license_or_permit_id,status,expiration_date,capacity,source_name,source_url,source_record_url,full_address,lat,lon,geocode_status,geocode_source,coverage_note
IL-IDPH-00004,IL,Illinois IDPH Migrant Labor Camps,SENECA FOODS CORP,SENECA FOOD CORP,606 S TREMONT AVE,PRINCEVILLE,IL,61559,Peoria,00004,ACTIVE,2019-12-31T00:00:00.000,,State of Illinois Data Portal: IDPH Migrant Labor Camps,https://data.illinois.gov/dataset/IDPH-Migrant-Labor-Camps/29w9-5zpm/about_data,https://data.illinois.gov/resource/29w9-5zpm.json?lcidno=00004,"606 S TREMONT AVE, PRINCEVILLE, IL, 61559",40.92440810063,-89.758492895565,Match,US Census batch geocoder (Exact),Official Illinois public dataset says current licensed camps; source expiration field currently shows 2019 for all rows.
IL-IDPH-00006,IL,Illinois IDPH Migrant Labor Camps,HOME NURSERY HOUSING CAMP,"HOME NURSERY, INC",5900 NURSERY RD.,ALBERS,IL,62215,CLINTON,00006,ACTIVE,2019-12-31T00:00:00.000,,State of Illinois Data Portal: IDPH Migrant Labor Camps,https://data.illinois.gov/dataset/IDPH-Migrant-Labor-Camps/29w9-5zpm/about_data,https://data.illinois.gov/resource/29w9-5zpm.json?lcidno=00006,"5900 NURSERY RD., ALBERS, IL, 62215",,,No_Match,,Official Illinois public dataset says current licensed camps; source expiration field currently shows 2019 for all rows.
IL-IDPH-00017,IL,Illinois IDPH Migrant Labor Camps,RENDLEMAN ORCHARDS,RENDLEMAN ORCHARDS,9680 HWY. 127N,ALTO PASS,IL,62905,UNION,00017,ACTIVE,2019-12-31T00:00:00.000,,State of Illinois Data Portal: IDPH Migrant Labor Camps,https://data.illinois.gov/dataset/IDPH-Migrant-Labor-Camps/29w9-5zpm/about_data,https://data.illinois.gov/resource/29w9-5zpm.json?lcidno=00017,"9680 HWY. 127N, ALTO PASS, IL, 62905",,,No_Match,,Official Illinois public dataset says current licensed camps; source expiration field currently shows 2019 for all rows.
IL-IDPH-00032,IL,Illinois IDPH Migrant Labor Camps,KLEIN'S QUALITY PRODUCE LLC,MATT KLEIN,11N590 LAWRENCE RD.,BURLINGTON,IL,60109,KANE,00032,ACTIVE,2019-12-31T00:00:00.000,,State of Illinois Data Portal: IDPH Migrant Labor Camps,https://data.illinois.gov/dataset/IDPH-Migrant-Labor-Camps/29w9-5zpm/about_data,https://data.illinois.gov/resource/29w9-5zpm.json?lcidno=00032,"11N590 LAWRENCE RD., BURLINGTON, IL, 60109",,,No_Match,,Official Illinois public dataset says current licensed camps; source expiration field currently shows 2019 for all rows.
IL-IDPH-00054,IL,Illinois IDPH Migrant Labor Camps,FREY BROTHERS - BLUFORD,FREY BROTHERS,22574 E. DIVIDE RD.,BLUFORD,IL,62814,JEFFERSON,00054,ACTIVE,2019-12-31T00:00:00.000,,State of Illinois Data Portal: IDPH Migrant Labor Camps,https://data.illinois.gov/dataset/IDPH-Migrant-Labor-Camps/29w9-5zpm/about_data,https://data.illinois.gov/resource/29w9-5zpm.json?lcidno=00054,"22574 E. DIVIDE RD., BLUFORD, IL, 62814",38.445838462748,-88.721122764835,Match,US Census batch geocoder (Exact),Official Illinois public dataset says current licensed camps; source expiration field currently shows 2019 for all rows.
IL-IDPH-00055,IL,Illinois IDPH Migrant Labor Camps,FREY PRODUCE NASHVILLE,FREY BROTHERS,16012 S.R. 15,NASHVILLE,IL,62263,WASHINGTON,00055,ACTIVE,2019-12-31T00:00:00.000,,State of Illinois Data Portal: IDPH Migrant Labor Camps,https://data.illinois.gov/dataset/IDPH-Migrant-Labor-Camps/29w9-5zpm/about_data,https://data.illinois.gov/resource/29w9-5zpm.json?lcidno=00055,"16012 S.R. 15, NASHVILLE, IL, 62263",38.345519698684,-89.408230652848,Match,US Census batch geocoder (Exact),Official Illinois public dataset says current licensed camps; source expiration field currently shows 2019 for all rows.
IL-IDPH-00118,IL,Illinois IDPH Migrant Labor Camps,FLAMM CAMP,"FLAMM ORCHARDS, INC",8760 OLD HWY. 51 N.,COBDEN,IL,62920,UNION,00118,ACTIVE,2019-12-31T00:00:00.000,,State of Illinois Data Portal: IDPH Migrant Labor Camps,https://data.illinois.gov/dataset/IDPH-Migrant-Labor-Camps/29w9-5zpm/about_data,https://data.illinois.gov/resource/29w9-5zpm.json?lcidno=00118,"8760 OLD HWY. 51 N., COBDEN, IL, 62920",37.57708365891,-89.26255347039,Match,US Census batch geocoder (Exact),Official Illinois public dataset says current licensed camps; source expiration field currently shows 2019 for all rows.
IL-IDPH-00128,IL,Illinois IDPH Migrant Labor Camps,FIESTA MOTEL,THREE G TRUCKING LLC,951 W. REYNOLDS ST.,PONTIAC,IL,61764,LIVINGSTON,00128,ACTIVE,2019-12-31T00:00:00.000,,State of Illinois Data Portal: IDPH Migrant Labor Camps,https://data.illinois.gov/dataset/IDPH-Migrant-Labor-Camps/29w9-5zpm/about_data,https://data.illinois.gov/resource/29w9-5zpm.json?lcidno=00128,"951 W. REYNOLDS ST., PONTIAC, IL, 61764",40.8736995,-88.639911,Match,Cached OpenStreetMap Nominatim address match,Official Illinois public dataset says current licensed camps; source expiration field currently shows 2019 for all rows. Census batch returned no match; accepted cached address-level OpenStreetMap Nominatim result.
IL-IDPH-00153,IL,Illinois IDPH Migrant Labor Camps,"MATTHEWS HOSPITALITY, INC","MATTHEWS HOSPITALITY, INC.",1327 ENTERPRISE,RANTOUL,IL,61866,CHAMPAIGN,00153,ACTIVE,2019-12-31T00:00:00.000,,State of Illinois Data Portal: IDPH Migrant Labor Camps,https://data.illinois.gov/dataset/IDPH-Migrant-Labor-Camps/29w9-5zpm/about_data,https://data.illinois.gov/resource/29w9-5zpm.json?lcidno=00153,"1327 ENTERPRISE, RANTOUL, IL, 61866",40.289314371359,-88.160416293727,Match,US Census batch geocoder (Non_Exact),Official Illinois public dataset says current licensed camps; source expiration field currently shows 2019 for all rows.
IL-IDPH-95399,IL,Illinois IDPH Migrant Labor Camps,FREY BROTHERS - OAK GROVE SCHOOL,FREY BROTHERS,HWY 242 ON C.R. 100N,KEENES,IL,62851,WAYNE,95399,ACTIVE,2019-12-31T00:00:00.000,,State of Illinois Data Portal: IDPH Migrant Labor Camps,https://data.illinois.gov/dataset/IDPH-Migrant-Labor-Camps/29w9-5zpm/about_data,https://data.illinois.gov/resource/29w9-5zpm.json?lcidno=95399,"HWY 242 ON C.R. 100N, KEENES, IL, 62851",,,No_Match,,Official Illinois public dataset says current licensed camps; source expiration field currently shows 2019 for all rows.
IL-IDPH-34520,IL,Illinois IDPH Migrant Labor Camps,FREY BROTHERS - BARNHILL CAMP,FREY BROTHERS,U.S. HWY. 45 S.,BARNHILL,IL,62809,WAYNE,34520,ACTIVE,2019-12-31T00:00:00.000,,State of Illinois Data Portal: IDPH Migrant Labor Camps,https://data.illinois.gov/dataset/IDPH-Migrant-Labor-Camps/29w9-5zpm/about_data,https://data.illinois.gov/resource/29w9-5zpm.json?lcidno=34520,"U.S. HWY. 45 S., BARNHILL, IL, 62809",,,No_Match,,Official Illinois public dataset says current licensed camps; source expiration field currently shows 2019 for all rows.
IL-IDPH-34553,IL,Illinois IDPH Migrant Labor Camps,BLUFF VIEW FARM CAMP,BARRY MCMILLIN,2197 N. 81st,CASEYVILLE,IL,62232,St. CLAIR,34553,ACTIVE,2019-12-31T00:00:00.000,,State of Illinois Data Portal: IDPH Migrant Labor Camps,https://data.illinois.gov/dataset/IDPH-Migrant-Labor-Camps/29w9-5zpm/about_data,https://data.illinois.gov/resource/29w9-5zpm.json?lcidno=34553,"2197 N. 81st, CASEYVILLE, IL, 62232",38.629625825279,-90.060623406039,Match,US Census batch geocoder (Non_Exact),Official Illinois public dataset says current licensed camps; source expiration field currently shows 2019 for all rows.
IL-IDPH-95449,IL,Illinois IDPH Migrant Labor Camps,MR. K'S MOTEL,TERRY VIECK,407 STATE ST.,LAWRENCEVILLE,IL,62439,LAWRENCE,95449,ACTIVE,2019-12-31T00:00:00.000,,State of Illinois Data Portal: IDPH Migrant Labor Camps,https://data.illinois.gov/dataset/IDPH-Migrant-Labor-Camps/29w9-5zpm/about_data,https://data.illinois.gov/resource/29w9-5zpm.json?lcidno=95449,"407 STATE ST., LAWRENCEVILLE, IL, 62439",38.729462007,-87.674681585022,Match,US Census batch geocoder (Exact),Official Illinois public dataset says current licensed camps; source expiration field currently shows 2019 for all rows.
IL-IDPH-95450,IL,Illinois IDPH Migrant Labor Camps,J&S AGRICULTURE,J&S AGRICULTURE,,GEORGETOWN,IL,61846,VERMILLION,95450,ACTIVE,2019-12-31T00:00:00.000,,State of Illinois Data Portal: IDPH Migrant Labor Camps,https://data.illinois.gov/dataset/IDPH-Migrant-Labor-Camps/29w9-5zpm/about_data,https://data.illinois.gov/resource/29w9-5zpm.json?lcidno=95450,"GEORGETOWN, IL, 61846",,,Skipped,,No single street address in source row
IL-IDPH-95474,IL,Illinois IDPH Migrant Labor Camps,Days Inn,"Everglades Harvesting & Hauling, Inc.",914 W. Bloomington Rd.,Champaign,IL,61821,Champaign,95474,ACTIVE,2019-12-31T00:00:00.000,,State of Illinois Data Portal: IDPH Migrant Labor Camps,https://data.illinois.gov/dataset/IDPH-Migrant-Labor-Camps/29w9-5zpm/about_data,https://data.illinois.gov/resource/29w9-5zpm.json?lcidno=95474,"914 W. Bloomington Rd., Champaign, IL, 61821",40.133311738197,-88.260425235479,Match,US Census batch geocoder (Exact),Official Illinois public dataset says current licensed camps; source expiration field currently shows 2019 for all rows.
IL-IDPH-95480,IL,Illinois IDPH Migrant Labor Camps,Young America - Jackson Citrus,Young America Realty,801 S. University,Normal,IL,61761,McLean,95480,ACTIVE,2019-12-31T00:00:00.000,,State of Illinois Data Portal: IDPH Migrant Labor Camps,https://data.illinois.gov/dataset/IDPH-Migrant-Labor-Camps/29w9-5zpm/about_data,https://data.illinois.gov/resource/29w9-5zpm.json?lcidno=95480,"801 S. University, Normal, IL, 61761",40.502713681681,-88.992943425275,Match,US Census batch geocoder (Non_Exact),Official Illinois public dataset says current licensed camps; source expiration field currently shows 2019 for all rows.
IL-IDPH-95499,IL,Illinois IDPH Migrant Labor Camps,MILTON CAMP,MICHAEL THRELKELD,301 and 333 MILTON AVE.,SPRINGFIELD,IL,62702,Sangamon,95499,ACTIVE,2019-12-31T00:00:00.000,,State of Illinois Data Portal: IDPH Migrant Labor Camps,https://data.illinois.gov/dataset/IDPH-Migrant-Labor-Camps/29w9-5zpm/about_data,https://data.illinois.gov/resource/29w9-5zpm.json?lcidno=95499,"301 and 333 MILTON AVE., SPRINGFIELD, IL, 62702",39.804564453497,-89.610899508206,Match,US Census batch geocoder (Non_Exact),Official Illinois public dataset says current licensed camps; source expiration field currently shows 2019 for all rows.
